centroid_kurtosis,centroid_mean,centroid_skew,centroid_std,chroma_kurtosis,chroma_mean,chroma_skew,chroma_std,flux_kurtosis,flux_mean,flux_skew,flux_std,mfcc_0_kurtosis,mfcc_0_mean,mfcc_0_skew,mfcc_0_std,mfcc_10_kurtosis,mfcc_10_mean,mfcc_10_skew,mfcc_10_std,mfcc_11_kurtosis,mfcc_11_mean,mfcc_11_skew,mfcc_11_std,mfcc_12_kurtosis,mfcc_12_mean,mfcc_12_skew,mfcc_12_std,mfcc_1_kurtosis,mfcc_1_mean,mfcc_1_skew,mfcc_1_std,mfcc_2_kurtosis,mfcc_2_mean,mfcc_2_skew,mfcc_2_std,mfcc_3_kurtosis,mfcc_3_mean,mfcc_3_skew,mfcc_3_std,mfcc_4_kurtosis,mfcc_4_mean,mfcc_4_skew,mfcc_4_std,mfcc_5_kurtosis,mfcc_5_mean,mfcc_5_skew,mfcc_5_std,mfcc_6_kurtosis,mfcc_6_mean,mfcc_6_skew,mfcc_6_std,mfcc_7_kurtosis,mfcc_7_mean,mfcc_7_skew,mfcc_7_std,mfcc_8_kurtosis,mfcc_8_mean,mfcc_8_skew,mfcc_8_std,mfcc_9_kurtosis,mfcc_9_mean,mfcc_9_skew,mfcc_9_std,rmse_kurtosis,rmse_mean,rmse_skew,rmse_std,roloff_kurtosis,roloff_mean,roloff_skew,roloff_std,tempo,zcr_kurtosis,zcr_mean,zcr_skew,zcr_std
1.7012234257530547,2630.3984246326922,0.4677784057748912,387.145146043549,-1.0402002979086666,0.5447283387184143,0.1393217146396637,0.2668946087360382,5.7336784545695725,1.0598891973495483,2.0691640377044678,0.559696614742279,0.43414027274883304,-35.0615119934082,-0.38510414958000183,18.339529037475586,-0.04439704071521078,1.2267125844955444,-0.10669901967048645,6.912341594696045,-0.11765684614230087,8.343351364135742,0.10412914305925369,5.9999470710754395,0.06365207837197318,-1.3957082033157349,-0.11061252653598785,6.059870719909668,0.8909244739563285,75.28227996826172,0.3489525020122528,15.20998764038086,0.587795287296597,-16.29088020324707,-0.46526244282722473,12.44666576385498,-0.005356814173492541,35.05757522583008,0.0824081152677536,10.823535919189453,-0.09360586179643438,6.00773811340332,0.15791071951389313,8.03936767578125,-0.21970719287014395,7.088805675506592,-0.014163218438625336,7.51697301864624,0.5123982268030378,-1.2372018098831177,0.06248411536216736,7.9569807052612305,0.04373756144779195,11.62793254852295,-0.12203532457351685,6.566827774047852,0.208330648556609,3.0743024349212646,0.0628512054681778,6.896127700805664,0.07461979587147383,13.072868347167969,-0.1026812419295311,6.61177396774292,0.24731847414560715,0.2971440851688385,0.43871840834617615,0.046472594141960144,0.5181751073496872,5387.724268713663,0.3322926435225831,917.093068267124,107.666015625,0.37929924535857085,0.13381782945736434,0.24799222600377138,0.03508704951863396
