centroid_kurtosis,centroid_mean,centroid_skew,centroid_std,chroma_kurtosis,chroma_mean,chroma_skew,chroma_std,flux_kurtosis,flux_mean,flux_skew,flux_std,mfcc_0_kurtosis,mfcc_0_mean,mfcc_0_skew,mfcc_0_std,mfcc_10_kurtosis,mfcc_10_mean,mfcc_10_skew,mfcc_10_std,mfcc_11_kurtosis,mfcc_11_mean,mfcc_11_skew,mfcc_11_std,mfcc_12_kurtosis,mfcc_12_mean,mfcc_12_skew,mfcc_12_std,mfcc_1_kurtosis,mfcc_1_mean,mfcc_1_skew,mfcc_1_std,mfcc_2_kurtosis,mfcc_2_mean,mfcc_2_skew,mfcc_2_std,mfcc_3_kurtosis,mfcc_3_mean,mfcc_3_skew,mfcc_3_std,mfcc_4_kurtosis,mfcc_4_mean,mfcc_4_skew,mfcc_4_std,mfcc_5_kurtosis,mfcc_5_mean,mfcc_5_skew,mfcc_5_std,mfcc_6_kurtosis,mfcc_6_mean,mfcc_6_skew,mfcc_6_std,mfcc_7_kurtosis,mfcc_7_mean,mfcc_7_skew,mfcc_7_std,mfcc_8_kurtosis,mfcc_8_mean,mfcc_8_skew,mfcc_8_std,mfcc_9_kurtosis,mfcc_9_mean,mfcc_9_skew,mfcc_9_std,rmse_kurtosis,rmse_mean,rmse_skew,rmse_std,roloff_kurtosis,roloff_mean,roloff_skew,roloff_std,tempo,zcr_kurtosis,zcr_mean,zcr_skew,zcr_std
4.434358567705418,2489.329769931092,0.9967179091296828,625.3496528669972,-0.9776516236286104,0.4988376498222351,0.3785179555416107,0.2767452299594879,7.598619259713425,1.672516942024231,2.347421884536743,1.993265151977539,0.4808521510769257,-242.3851776123047,0.24838924407958984,58.18278884887695,-0.17700398110326399,-8.680517196655273,-0.1363782435655594,8.6139497756958,0.1124070995255182,-1.1000590324401855,0.11187589913606644,8.40101432800293,-0.21678302998356536,-9.776352882385254,0.03499698266386986,8.234674453735352,0.36488593998835706,79.28043365478516,-0.15155351161956787,23.46544647216797,1.8893787675396378,-1.6161593198776245,0.8404527902603149,20.115440368652344,0.794887288329214,36.84097671508789,-0.16049441695213318,12.297019958496094,1.3627526923676339,9.30674934387207,-0.016039513051509857,10.579771041870117,0.37376658031094356,9.215899467468262,0.06149290129542351,10.658308982849121,0.6518924163859836,-4.9752068519592285,0.4891178607940674,9.954657554626465,0.2169664687138524,10.085103988647461,0.11999191343784332,8.911031723022461,-0.06334483810358504,-3.8546018600463867,0.27992889285087585,9.226753234863281,0.17173167214933827,-0.7070446610450745,0.16811491549015045,9.651025772094727,2.092415031038132,0.05879112705588341,1.6066203117370605,0.03851914405822754,-0.34464402028181595,5321.288494731105,0.029647718035006175,1201.3425316748912,123.046875,7.713175957556661,0.13145969597868218,1.485045636500226,0.05333838320744455
