centroid_kurtosis,centroid_mean,centroid_skew,centroid_std,chroma_kurtosis,chroma_mean,chroma_skew,chroma_std,flux_kurtosis,flux_mean,flux_skew,flux_std,mfcc_0_kurtosis,mfcc_0_mean,mfcc_0_skew,mfcc_0_std,mfcc_10_kurtosis,mfcc_10_mean,mfcc_10_skew,mfcc_10_std,mfcc_11_kurtosis,mfcc_11_mean,mfcc_11_skew,mfcc_11_std,mfcc_12_kurtosis,mfcc_12_mean,mfcc_12_skew,mfcc_12_std,mfcc_1_kurtosis,mfcc_1_mean,mfcc_1_skew,mfcc_1_std,mfcc_2_kurtosis,mfcc_2_mean,mfcc_2_skew,mfcc_2_std,mfcc_3_kurtosis,mfcc_3_mean,mfcc_3_skew,mfcc_3_std,mfcc_4_kurtosis,mfcc_4_mean,mfcc_4_skew,mfcc_4_std,mfcc_5_kurtosis,mfcc_5_mean,mfcc_5_skew,mfcc_5_std,mfcc_6_kurtosis,mfcc_6_mean,mfcc_6_skew,mfcc_6_std,mfcc_7_kurtosis,mfcc_7_mean,mfcc_7_skew,mfcc_7_std,mfcc_8_kurtosis,mfcc_8_mean,mfcc_8_skew,mfcc_8_std,mfcc_9_kurtosis,mfcc_9_mean,mfcc_9_skew,mfcc_9_std,rmse_kurtosis,rmse_mean,rmse_skew,rmse_std,roloff_kurtosis,roloff_mean,roloff_skew,roloff_std,tempo,zcr_kurtosis,zcr_mean,zcr_skew,zcr_std
0.8302280788167793,2019.861397585566,0.6376019278344348,337.4731130869564,-0.6165506255884297,0.45403552055358887,0.6075889468193054,0.27131617069244385,8.693051499968021,1.1161545515060425,2.715353488922119,0.8498629331588745,0.037894149996152926,-97.25265502929688,0.17538397014141083,27.75126838684082,0.3251508889774697,3.379059076309204,0.3810677230358124,9.62555980682373,0.14494486808394758,7.096988677978516,0.3817918002605438,7.283383369445801,0.020395214466899958,-6.40780782699585,-0.14597715437412262,7.327793598175049,-0.10957285208361123,106.79268646240234,0.0058304667472839355,15.776805877685547,0.19832100235448413,-18.453506469726562,0.29280948638916016,13.26120376586914,-0.26824830633087204,28.94917106628418,0.1957775205373764,10.353886604309082,0.4047096397553718,-0.6500110030174255,0.4635189473628998,8.742618560791016,-0.00898523654328276,6.8060197830200195,-0.026759125292301178,7.524293422698975,-0.20282016510322176,9.621026992797852,0.08395048975944519,9.091113090515137,-0.24083324482105484,6.635444641113281,0.03622415289282799,6.81757926940918,0.058058519776441386,-4.462052822113037,-0.023662924766540527,7.251208782196045,-0.33325639950928876,8.950252532958984,0.040681563317775726,7.873061656951904,0.39737083386620453,0.19839569926261902,0.5045367479324341,0.03558645769953728,1.7997103487724546,4124.409633902616,1.241349652926832,897.9278881122505,123.046875,0.4359430884394033,0.10602592054263565,0.1744987933800115,0.024212651525807777
