centroid_kurtosis,centroid_mean,centroid_skew,centroid_std,chroma_kurtosis,chroma_mean,chroma_skew,chroma_std,flux_kurtosis,flux_mean,flux_skew,flux_std,mfcc_0_kurtosis,mfcc_0_mean,mfcc_0_skew,mfcc_0_std,mfcc_10_kurtosis,mfcc_10_mean,mfcc_10_skew,mfcc_10_std,mfcc_11_kurtosis,mfcc_11_mean,mfcc_11_skew,mfcc_11_std,mfcc_12_kurtosis,mfcc_12_mean,mfcc_12_skew,mfcc_12_std,mfcc_1_kurtosis,mfcc_1_mean,mfcc_1_skew,mfcc_1_std,mfcc_2_kurtosis,mfcc_2_mean,mfcc_2_skew,mfcc_2_std,mfcc_3_kurtosis,mfcc_3_mean,mfcc_3_skew,mfcc_3_std,mfcc_4_kurtosis,mfcc_4_mean,mfcc_4_skew,mfcc_4_std,mfcc_5_kurtosis,mfcc_5_mean,mfcc_5_skew,mfcc_5_std,mfcc_6_kurtosis,mfcc_6_mean,mfcc_6_skew,mfcc_6_std,mfcc_7_kurtosis,mfcc_7_mean,mfcc_7_skew,mfcc_7_std,mfcc_8_kurtosis,mfcc_8_mean,mfcc_8_skew,mfcc_8_std,mfcc_9_kurtosis,mfcc_9_mean,mfcc_9_skew,mfcc_9_std,rmse_kurtosis,rmse_mean,rmse_skew,rmse_std,roloff_kurtosis,roloff_mean,roloff_skew,roloff_std,tempo,zcr_kurtosis,zcr_mean,zcr_skew,zcr_std
0.21032941629322588,2496.666404593779,0.2216406266682156,711.9616187393223,-0.8503603785710672,0.44570866227149963,0.5207520127296448,0.29115623235702515,7.523719018087853,1.6910438537597656,2.5125956535339355,1.868599772453308,1.540136892041044,-86.48755645751953,-1.0055183172225952,67.44547271728516,-0.11328540981831159,-5.998602867126465,-0.23310624063014984,10.795291900634766,0.20325566476330437,2.0731823444366455,-0.2069205492734909,10.685049057006836,1.0199596648727862,-4.693255424499512,-0.27940207719802856,9.675080299377441,0.4805470986083469,88.43392944335938,0.4502715468406677,29.74291229248047,0.2751151394265552,-1.7023757696151733,0.1101045235991478,20.537084579467773,0.1564987111057219,8.64666748046875,0.09828274697065353,17.79928207397461,0.7606407000561957,-7.908971309661865,-0.06370143592357635,13.60695743560791,0.2561914293776888,7.478073596954346,-0.2694443464279175,14.822877883911133,-0.2050502749826606,-10.961504936218262,-0.3222603499889374,13.566583633422852,-0.26577519818896533,4.74384880065918,0.036884237080812454,11.965446472167969,-0.17552521930201248,-3.2700839042663574,-0.1477445662021637,10.187202453613281,0.13380054401162944,6.443210124969482,-0.38346976041793823,10.962865829467773,0.1710072266758842,0.2587861120700836,0.5566052794456482,0.11323767900466919,-0.07368908123035656,5474.8252407340115,-0.4706910895228267,1567.9141517524124,117.45383522727273,2.2677240625959527,0.12151238493217054,1.034264453577035,0.054422846671358834
