centroid_kurtosis,centroid_mean,centroid_skew,centroid_std,chroma_kurtosis,chroma_mean,chroma_skew,chroma_std,flux_kurtosis,flux_mean,flux_skew,flux_std,mfcc_0_kurtosis,mfcc_0_mean,mfcc_0_skew,mfcc_0_std,mfcc_10_kurtosis,mfcc_10_mean,mfcc_10_skew,mfcc_10_std,mfcc_11_kurtosis,mfcc_11_mean,mfcc_11_skew,mfcc_11_std,mfcc_12_kurtosis,mfcc_12_mean,mfcc_12_skew,mfcc_12_std,mfcc_1_kurtosis,mfcc_1_mean,mfcc_1_skew,mfcc_1_std,mfcc_2_kurtosis,mfcc_2_mean,mfcc_2_skew,mfcc_2_std,mfcc_3_kurtosis,mfcc_3_mean,mfcc_3_skew,mfcc_3_std,mfcc_4_kurtosis,mfcc_4_mean,mfcc_4_skew,mfcc_4_std,mfcc_5_kurtosis,mfcc_5_mean,mfcc_5_skew,mfcc_5_std,mfcc_6_kurtosis,mfcc_6_mean,mfcc_6_skew,mfcc_6_std,mfcc_7_kurtosis,mfcc_7_mean,mfcc_7_skew,mfcc_7_std,mfcc_8_kurtosis,mfcc_8_mean,mfcc_8_skew,mfcc_8_std,mfcc_9_kurtosis,mfcc_9_mean,mfcc_9_skew,mfcc_9_std,rmse_kurtosis,rmse_mean,rmse_skew,rmse_std,roloff_kurtosis,roloff_mean,roloff_skew,roloff_std,tempo,zcr_kurtosis,zcr_mean,zcr_skew,zcr_std
-0.2876130247065385,2305.0904224425185,0.6054942252426232,426.1220205249672,-0.3328316778764191,0.4179372191429138,0.7902125716209412,0.2738293707370758,5.522247734543118,1.1855847835540771,2.1837010383605957,0.7924923300743103,2.549543286463207,-96.98507690429688,-1.0518850088119507,32.38724136352539,0.7100270047408914,-1.1126660108566284,0.16052879393100739,7.669877052307129,0.08109780316939652,4.228904724121094,0.06970590353012085,7.009485244750977,0.05764768988948399,-8.652748107910156,0.12255895137786865,6.948887825012207,-0.78498539809602,94.01232147216797,-0.02821260504424572,23.898345947265625,-0.43446920090442376,-34.231605529785156,0.1881498098373413,21.03188133239746,1.2099002434454293,37.803253173828125,-0.4823440909385681,12.847458839416504,0.8265140552852124,-2.540181875228882,-0.5559365749359131,10.67132568359375,0.7078907654687039,4.165994644165039,-0.5183584690093994,9.78706169128418,0.13721922178523682,-2.1288113594055176,-0.42073363065719604,9.396202087402344,0.3257266063060844,3.622803211212158,-0.24933204054832458,8.314009666442871,0.1651057148383832,-0.4809553325176239,-0.008399351499974728,9.422073364257812,0.27825108749538874,1.3366438150405884,0.1984819918870926,8.1761474609375,0.8342654860566885,0.17892298102378845,-0.3044273853302002,0.03825560584664345,-0.4527406765542299,4477.086777797965,0.756977608760346,1010.3966492295921,117.45383522727273,-0.27916299017609836,0.13821841690891473,0.15340750835365813,0.03270524235418388
