centroid_kurtosis,centroid_mean,centroid_skew,centroid_std,chroma_kurtosis,chroma_mean,chroma_skew,chroma_std,flux_kurtosis,flux_mean,flux_skew,flux_std,mfcc_0_kurtosis,mfcc_0_mean,mfcc_0_skew,mfcc_0_std,mfcc_10_kurtosis,mfcc_10_mean,mfcc_10_skew,mfcc_10_std,mfcc_11_kurtosis,mfcc_11_mean,mfcc_11_skew,mfcc_11_std,mfcc_12_kurtosis,mfcc_12_mean,mfcc_12_skew,mfcc_12_std,mfcc_1_kurtosis,mfcc_1_mean,mfcc_1_skew,mfcc_1_std,mfcc_2_kurtosis,mfcc_2_mean,mfcc_2_skew,mfcc_2_std,mfcc_3_kurtosis,mfcc_3_mean,mfcc_3_skew,mfcc_3_std,mfcc_4_kurtosis,mfcc_4_mean,mfcc_4_skew,mfcc_4_std,mfcc_5_kurtosis,mfcc_5_mean,mfcc_5_skew,mfcc_5_std,mfcc_6_kurtosis,mfcc_6_mean,mfcc_6_skew,mfcc_6_std,mfcc_7_kurtosis,mfcc_7_mean,mfcc_7_skew,mfcc_7_std,mfcc_8_kurtosis,mfcc_8_mean,mfcc_8_skew,mfcc_8_std,mfcc_9_kurtosis,mfcc_9_mean,mfcc_9_skew,mfcc_9_std,rmse_kurtosis,rmse_mean,rmse_skew,rmse_std,roloff_kurtosis,roloff_mean,roloff_skew,roloff_std,tempo,zcr_kurtosis,zcr_mean,zcr_skew,zcr_std
2.0416742512306563,2516.709260227944,0.9906265063096676,533.3652047006203,-0.6928933762266141,0.42927315831184387,0.6161685585975647,0.28701359033584595,7.998615247437309,1.3504618406295776,2.5522468090057373,1.392863154411316,-0.056804396758111775,-108.65633392333984,-0.02361791767179966,44.329532623291016,0.06915421842571456,-2.4191455841064453,0.3693748414516449,8.322818756103516,0.7950667492874284,0.4871235191822052,-0.07287169247865677,7.912235260009766,-0.12278251013601471,-3.3263065814971924,0.20142225921154022,8.443132400512695,0.17601480383543144,86.31889343261719,-0.1596357822418213,18.10831642150879,0.3738231563250882,-1.3913319110870361,-0.04097526893019676,14.608397483825684,0.009550966509043413,22.81662368774414,-0.28102147579193115,10.973761558532715,0.12833281663496132,3.8394534587860107,0.006290658842772245,10.046871185302734,0.16576799530946307,8.581343650817871,-0.3866833746433258,10.719137191772461,0.041762399241592085,-5.548333644866943,0.04627234488725662,10.211487770080566,0.12047626005059398,8.376875877380371,0.18122868239879608,9.028800010681152,0.42342557378318,-9.623390197753906,-0.08200498670339584,8.545799255371094,0.24446738767098974,6.760493278503418,0.21536384522914886,8.390802383422852,-0.3020202404617063,0.16566486656665802,0.4801192283630371,0.057269517332315445,-0.3715893922460154,5525.252997819767,0.12539728419282117,1233.6380277356639,143.5546875,3.367046944031771,0.1303234011627907,1.2364773130487419,0.04497146095143205
