centroid_kurtosis,centroid_mean,centroid_skew,centroid_std,chroma_kurtosis,chroma_mean,chroma_skew,chroma_std,flux_kurtosis,flux_mean,flux_skew,flux_std,mfcc_0_kurtosis,mfcc_0_mean,mfcc_0_skew,mfcc_0_std,mfcc_10_kurtosis,mfcc_10_mean,mfcc_10_skew,mfcc_10_std,mfcc_11_kurtosis,mfcc_11_mean,mfcc_11_skew,mfcc_11_std,mfcc_12_kurtosis,mfcc_12_mean,mfcc_12_skew,mfcc_12_std,mfcc_1_kurtosis,mfcc_1_mean,mfcc_1_skew,mfcc_1_std,mfcc_2_kurtosis,mfcc_2_mean,mfcc_2_skew,mfcc_2_std,mfcc_3_kurtosis,mfcc_3_mean,mfcc_3_skew,mfcc_3_std,mfcc_4_kurtosis,mfcc_4_mean,mfcc_4_skew,mfcc_4_std,mfcc_5_kurtosis,mfcc_5_mean,mfcc_5_skew,mfcc_5_std,mfcc_6_kurtosis,mfcc_6_mean,mfcc_6_skew,mfcc_6_std,mfcc_7_kurtosis,mfcc_7_mean,mfcc_7_skew,mfcc_7_std,mfcc_8_kurtosis,mfcc_8_mean,mfcc_8_skew,mfcc_8_std,mfcc_9_kurtosis,mfcc_9_mean,mfcc_9_skew,mfcc_9_std,rmse_kurtosis,rmse_mean,rmse_skew,rmse_std,roloff_kurtosis,roloff_mean,roloff_skew,roloff_std,tempo,zcr_kurtosis,zcr_mean,zcr_skew,zcr_std
0.8448903158168513,2411.9640542133147,0.7024949107754397,1255.5082182440967,-0.9579272112004311,0.42834004759788513,0.5044829845428467,0.3073031008243561,10.813734022936588,1.6071279048919678,2.747932195663452,1.7606478929519653,0.533644110419289,-196.33265686035156,-0.9789254069328308,98.07099151611328,-0.24068229070564762,-8.030989646911621,-0.0527680478990078,10.663398742675781,-0.39698197777154753,-2.758814811706543,-0.03650626540184021,11.733438491821289,-0.13959810960197183,-4.0646443367004395,-0.10949615389108658,10.802207946777344,-0.3800574555251979,82.80816650390625,0.3775142431259155,44.00617599487305,-0.021552246314153756,32.41889953613281,0.5576362013816833,33.41696548461914,0.25226013983818385,29.803573608398438,-0.14803633093833923,19.095386505126953,1.0864832976396785,7.451403617858887,-0.7081106901168823,17.86582374572754,0.0018821362985024237,12.769693374633789,-0.29958194494247437,16.417898178100586,-0.5782084864249439,-9.112289428710938,-0.033503465354442596,15.379940032958984,-0.6243827359704723,-2.6008119583129883,-0.19112083315849304,15.48569107055664,-0.29606713672547125,-11.21113109588623,-0.17935912311077118,11.509202003479004,-0.4770113172886674,2.2466211318969727,-0.01978728547692299,11.44717788696289,0.826047521625378,0.16306844353675842,1.054276943206787,0.0820363387465477,-0.7123369590115458,5195.160678597384,-0.5028134822581195,2494.242093721368,123.046875,6.317862420137375,0.11278312742248062,2.1958123524921094,0.10224620317873667
