centroid_kurtosis,centroid_mean,centroid_skew,centroid_std,chroma_kurtosis,chroma_mean,chroma_skew,chroma_std,flux_kurtosis,flux_mean,flux_skew,flux_std,mfcc_0_kurtosis,mfcc_0_mean,mfcc_0_skew,mfcc_0_std,mfcc_10_kurtosis,mfcc_10_mean,mfcc_10_skew,mfcc_10_std,mfcc_11_kurtosis,mfcc_11_mean,mfcc_11_skew,mfcc_11_std,mfcc_12_kurtosis,mfcc_12_mean,mfcc_12_skew,mfcc_12_std,mfcc_1_kurtosis,mfcc_1_mean,mfcc_1_skew,mfcc_1_std,mfcc_2_kurtosis,mfcc_2_mean,mfcc_2_skew,mfcc_2_std,mfcc_3_kurtosis,mfcc_3_mean,mfcc_3_skew,mfcc_3_std,mfcc_4_kurtosis,mfcc_4_mean,mfcc_4_skew,mfcc_4_std,mfcc_5_kurtosis,mfcc_5_mean,mfcc_5_skew,mfcc_5_std,mfcc_6_kurtosis,mfcc_6_mean,mfcc_6_skew,mfcc_6_std,mfcc_7_kurtosis,mfcc_7_mean,mfcc_7_skew,mfcc_7_std,mfcc_8_kurtosis,mfcc_8_mean,mfcc_8_skew,mfcc_8_std,mfcc_9_kurtosis,mfcc_9_mean,mfcc_9_skew,mfcc_9_std,rmse_kurtosis,rmse_mean,rmse_skew,rmse_std,roloff_kurtosis,roloff_mean,roloff_skew,roloff_std,tempo,zcr_kurtosis,zcr_mean,zcr_skew,zcr_std
-0.24871376280937918,2624.0356745673207,0.5411010718495111,689.4291663966337,-0.9489981086297985,0.5220013856887817,0.40630242228507996,0.26230359077453613,6.485028836571621,1.1540969610214233,2.3192713260650635,0.7142001986503601,-0.9181154674073762,-25.76559829711914,-0.17939020693302155,27.513582229614258,0.0029233431802015986,-2.281965494155884,0.040894944220781326,6.568188190460205,0.028357893503801357,1.8730237483978271,0.013742364943027496,6.619781970977783,0.10378202263130643,-8.43824577331543,0.10384177416563034,7.719273567199707,-0.8879915299173753,78.03154754638672,-0.08572769910097122,24.897403717041016,-0.004229326210071882,-11.464116096496582,-0.265055388212204,15.46056842803955,-0.07670310188535945,36.613975524902344,-0.325764924287796,13.145344734191895,0.14710327560490066,8.414216995239258,-0.2238551527261734,8.072481155395508,-0.18669330873211365,3.7331395149230957,0.1680281162261963,8.580888748168945,0.04769034672987926,-1.036851406097412,-0.0832410529255867,7.0596208572387695,-0.05064714438232354,9.72524356842041,-0.06490129977464676,7.642557621002197,0.080373911017662,-2.349966287612915,0.17990227043628693,7.17932653427124,-0.21169024946858483,5.184304714202881,-0.12787368893623352,7.034097671508789,-0.1398472807620461,0.34585320949554443,0.36041563749313354,0.05658908933401108,-0.9752008758544437,5402.613894440407,0.38703732412323283,1535.9141651944742,99.38401442307692,0.2591507913558737,0.13812681686046513,0.7084028582588653,0.058563840751501305
