centroid_kurtosis,centroid_mean,centroid_skew,centroid_std,chroma_kurtosis,chroma_mean,chroma_skew,chroma_std,flux_kurtosis,flux_mean,flux_skew,flux_std,mfcc_0_kurtosis,mfcc_0_mean,mfcc_0_skew,mfcc_0_std,mfcc_10_kurtosis,mfcc_10_mean,mfcc_10_skew,mfcc_10_std,mfcc_11_kurtosis,mfcc_11_mean,mfcc_11_skew,mfcc_11_std,mfcc_12_kurtosis,mfcc_12_mean,mfcc_12_skew,mfcc_12_std,mfcc_1_kurtosis,mfcc_1_mean,mfcc_1_skew,mfcc_1_std,mfcc_2_kurtosis,mfcc_2_mean,mfcc_2_skew,mfcc_2_std,mfcc_3_kurtosis,mfcc_3_mean,mfcc_3_skew,mfcc_3_std,mfcc_4_kurtosis,mfcc_4_mean,mfcc_4_skew,mfcc_4_std,mfcc_5_kurtosis,mfcc_5_mean,mfcc_5_skew,mfcc_5_std,mfcc_6_kurtosis,mfcc_6_mean,mfcc_6_skew,mfcc_6_std,mfcc_7_kurtosis,mfcc_7_mean,mfcc_7_skew,mfcc_7_std,mfcc_8_kurtosis,mfcc_8_mean,mfcc_8_skew,mfcc_8_std,mfcc_9_kurtosis,mfcc_9_mean,mfcc_9_skew,mfcc_9_std,rmse_kurtosis,rmse_mean,rmse_skew,rmse_std,roloff_kurtosis,roloff_mean,roloff_skew,roloff_std,tempo,zcr_kurtosis,zcr_mean,zcr_skew,zcr_std
2.381439799135129,1936.6673922884415,1.2782828606523826,1072.2468337630373,-1.1752864670864116,0.5012473464012146,0.16692239046096802,0.3021685481071472,10.737247749302158,2.172550678253174,2.9124364852905273,3.0410265922546387,0.2943943552092807,-213.17422485351562,-0.6745471954345703,87.29104614257812,0.4449407201567377,0.5740943551063538,0.32216301560401917,10.769218444824219,-0.01488897551806323,9.197004318237305,-0.19547902047634125,10.41650390625,0.33289469182307707,3.0353527069091797,0.21951453387737274,9.639622688293457,1.2307620949688403,97.45816802978516,-0.5958907604217529,42.55259323120117,0.15914685834522801,7.533972263336182,0.0728796198964119,29.55430030822754,0.08918048101009068,32.19887924194336,0.2749376893043518,23.700719833374023,-0.4633797112131024,2.5981075763702393,-0.1657768189907074,24.458621978759766,0.2205053942493227,15.40197467803955,-0.32345521450042725,13.804312705993652,0.2661642209769335,3.6906378269195557,-0.5576869249343872,15.26201343536377,0.3652767237265877,10.324386596679688,-0.15785010159015656,12.633783340454102,0.2660352795870602,0.4680313467979431,-0.1812024563550949,10.664762496948242,-0.011262867343417415,7.662984371185303,-0.19705826044082642,10.874550819396973,0.43091990449815176,0.1769576221704483,0.7646790146827698,0.10743417590856552,-0.599461101184938,4138.815179869186,0.40398728985978793,2202.8180470808475,151.99908088235293,15.075083416264,0.0846164910368217,3.1377366993644173,0.07836071568686578
