centroid_kurtosis,centroid_mean,centroid_skew,centroid_std,chroma_kurtosis,chroma_mean,chroma_skew,chroma_std,flux_kurtosis,flux_mean,flux_skew,flux_std,mfcc_0_kurtosis,mfcc_0_mean,mfcc_0_skew,mfcc_0_std,mfcc_10_kurtosis,mfcc_10_mean,mfcc_10_skew,mfcc_10_std,mfcc_11_kurtosis,mfcc_11_mean,mfcc_11_skew,mfcc_11_std,mfcc_12_kurtosis,mfcc_12_mean,mfcc_12_skew,mfcc_12_std,mfcc_1_kurtosis,mfcc_1_mean,mfcc_1_skew,mfcc_1_std,mfcc_2_kurtosis,mfcc_2_mean,mfcc_2_skew,mfcc_2_std,mfcc_3_kurtosis,mfcc_3_mean,mfcc_3_skew,mfcc_3_std,mfcc_4_kurtosis,mfcc_4_mean,mfcc_4_skew,mfcc_4_std,mfcc_5_kurtosis,mfcc_5_mean,mfcc_5_skew,mfcc_5_std,mfcc_6_kurtosis,mfcc_6_mean,mfcc_6_skew,mfcc_6_std,mfcc_7_kurtosis,mfcc_7_mean,mfcc_7_skew,mfcc_7_std,mfcc_8_kurtosis,mfcc_8_mean,mfcc_8_skew,mfcc_8_std,mfcc_9_kurtosis,mfcc_9_mean,mfcc_9_skew,mfcc_9_std,rmse_kurtosis,rmse_mean,rmse_skew,rmse_std,roloff_kurtosis,roloff_mean,roloff_skew,roloff_std,tempo,zcr_kurtosis,zcr_mean,zcr_skew,zcr_std
0.10323608352178182,1504.1452763765265,0.6066879842690279,645.2370997713159,-0.6147204365601393,0.46198323369026184,0.6704456806182861,0.26905205845832825,58.19663527886911,1.0168269872665405,6.147830009460449,1.0361173152923584,0.02628476391676804,-299.6350402832031,-0.4858798086643219,86.06525421142578,-0.2250416652940217,-1.8587089776992798,0.022906411439180374,9.831475257873535,0.2631810720175185,9.126751899719238,0.08293546736240387,8.07133674621582,-0.15688866536989376,-14.591418266296387,0.1059497818350792,7.240094184875488,-0.40458383725966574,130.86997985839844,-0.2707059681415558,30.14967918395996,0.40499195817291067,-18.819406509399414,0.7841370105743408,24.502771377563477,-0.6226971916512167,52.16838073730469,0.3343154191970825,15.563079833984375,-0.18207343860335,-0.5795804858207703,0.4583015441894531,13.866181373596191,-0.11078885291714569,24.90147590637207,-0.2111632078886032,11.946784973144531,-0.6567288273418503,-4.939306259155273,-0.15715762972831726,11.743242263793945,-0.44273390011941904,15.524068832397461,0.19327417016029358,10.170510292053223,0.2116439825469425,-10.552526473999023,0.637355387210846,10.084766387939453,0.07522963489613455,17.500411987304688,-0.044632479548454285,9.734321594238281,1.2023252188678208,0.05432159826159477,1.0460306406021118,0.01878596842288971,-0.007092650510909682,3032.993391170058,0.24267167286047528,1353.9564367390192,123.046875,0.09317569436951079,0.07616354772286822,0.8584872275391043,0.04777767933146065
