centroid_kurtosis,centroid_mean,centroid_skew,centroid_std,chroma_kurtosis,chroma_mean,chroma_skew,chroma_std,flux_kurtosis,flux_mean,flux_skew,flux_std,mfcc_0_kurtosis,mfcc_0_mean,mfcc_0_skew,mfcc_0_std,mfcc_10_kurtosis,mfcc_10_mean,mfcc_10_skew,mfcc_10_std,mfcc_11_kurtosis,mfcc_11_mean,mfcc_11_skew,mfcc_11_std,mfcc_12_kurtosis,mfcc_12_mean,mfcc_12_skew,mfcc_12_std,mfcc_1_kurtosis,mfcc_1_mean,mfcc_1_skew,mfcc_1_std,mfcc_2_kurtosis,mfcc_2_mean,mfcc_2_skew,mfcc_2_std,mfcc_3_kurtosis,mfcc_3_mean,mfcc_3_skew,mfcc_3_std,mfcc_4_kurtosis,mfcc_4_mean,mfcc_4_skew,mfcc_4_std,mfcc_5_kurtosis,mfcc_5_mean,mfcc_5_skew,mfcc_5_std,mfcc_6_kurtosis,mfcc_6_mean,mfcc_6_skew,mfcc_6_std,mfcc_7_kurtosis,mfcc_7_mean,mfcc_7_skew,mfcc_7_std,mfcc_8_kurtosis,mfcc_8_mean,mfcc_8_skew,mfcc_8_std,mfcc_9_kurtosis,mfcc_9_mean,mfcc_9_skew,mfcc_9_std,rmse_kurtosis,rmse_mean,rmse_skew,rmse_std,roloff_kurtosis,roloff_mean,roloff_skew,roloff_std,tempo,zcr_kurtosis,zcr_mean,zcr_skew,zcr_std
0.3193258802339112,1912.1561524707506,0.19677712483822407,315.47172491070467,-0.34008416589741186,0.37495091557502747,0.8290314078330994,0.29226475954055786,8.164371040088431,1.2763142585754395,2.3055238723754883,0.8948843479156494,0.784957964574458,-263.63153076171875,-0.3872889280319214,45.22121047973633,0.8726769306745537,-9.774192810058594,0.06268546730279922,7.457499027252197,1.6444303574344943,0.4232098162174225,-0.639225423336029,7.95151948928833,0.24894181357174894,-5.232723712921143,0.14827682077884674,8.224480628967285,-0.040266475988953054,112.90867614746094,0.03219808638095856,15.624671936035156,-0.2441978481015692,-17.843807220458984,0.027413157746195793,11.737584114074707,0.36254721849880234,26.771984100341797,0.11457554250955582,8.044943809509277,-0.03604930113145999,-10.571036338806152,-0.3028569519519806,8.435700416564941,0.6529986421341003,1.6935977935791016,0.1138552650809288,7.032926559448242,1.484498091670269,-9.786608695983887,0.359413206577301,7.595015048980713,0.631256596644675,7.442338943481445,0.19681939482688904,7.023390293121338,0.9522784945909688,-6.017241477966309,0.2102394849061966,7.6462721824646,1.559380319266646,-0.31308403611183167,-0.6094536185264587,8.263965606689453,1.1597451820081286,0.041374534368515015,0.9143651723861694,0.015609480440616608,0.33771412261659384,3850.5039516715115,0.14688198726276536,661.0249459170537,112.34714673913044,1.0704872253465334,0.10406673934108528,0.844462871827522,0.03283145124570049
