centroid_kurtosis,centroid_mean,centroid_skew,centroid_std,chroma_kurtosis,chroma_mean,chroma_skew,chroma_std,flux_kurtosis,flux_mean,flux_skew,flux_std,mfcc_0_kurtosis,mfcc_0_mean,mfcc_0_skew,mfcc_0_std,mfcc_10_kurtosis,mfcc_10_mean,mfcc_10_skew,mfcc_10_std,mfcc_11_kurtosis,mfcc_11_mean,mfcc_11_skew,mfcc_11_std,mfcc_12_kurtosis,mfcc_12_mean,mfcc_12_skew,mfcc_12_std,mfcc_1_kurtosis,mfcc_1_mean,mfcc_1_skew,mfcc_1_std,mfcc_2_kurtosis,mfcc_2_mean,mfcc_2_skew,mfcc_2_std,mfcc_3_kurtosis,mfcc_3_mean,mfcc_3_skew,mfcc_3_std,mfcc_4_kurtosis,mfcc_4_mean,mfcc_4_skew,mfcc_4_std,mfcc_5_kurtosis,mfcc_5_mean,mfcc_5_skew,mfcc_5_std,mfcc_6_kurtosis,mfcc_6_mean,mfcc_6_skew,mfcc_6_std,mfcc_7_kurtosis,mfcc_7_mean,mfcc_7_skew,mfcc_7_std,mfcc_8_kurtosis,mfcc_8_mean,mfcc_8_skew,mfcc_8_std,mfcc_9_kurtosis,mfcc_9_mean,mfcc_9_skew,mfcc_9_std,rmse_kurtosis,rmse_mean,rmse_skew,rmse_std,roloff_kurtosis,roloff_mean,roloff_skew,roloff_std,tempo,zcr_kurtosis,zcr_mean,zcr_skew,zcr_std
-0.24010552619875059,2297.285837140518,0.27510514454889856,336.33703295446355,-0.6313889153853323,0.4519232213497162,0.5727492570877075,0.2753128409385681,15.776646953268898,1.1185944080352783,3.4315805435180664,0.8456789255142212,-0.04124690056740077,-63.23856735229492,0.1539193093776703,32.653594970703125,0.44905832935188883,-7.698700904846191,-0.39095285534858704,7.171268939971924,0.18316289959157173,3.323259115219116,-0.007179921492934227,6.810415744781494,0.20244830366117927,-1.7242728471755981,0.374223530292511,7.607247829437256,-0.5296810026672039,95.37220001220703,0.006057457532733679,14.563641548156738,-0.22713764791781088,-13.160859107971191,0.06527142971754074,15.21994400024414,-0.2345047978560424,30.394222259521484,0.21866662800312042,11.80102252960205,0.46816144472980525,-7.819140434265137,0.5090758800506592,9.209614753723145,0.17029510907873702,14.090576171875,-0.3370340168476105,8.646413803100586,0.13973355324364922,2.4221229553222656,-0.06759096682071686,8.46016788482666,0.28128466913913774,6.92435359954834,0.27269449830055237,7.286306858062744,0.3227372287399315,-7.082535266876221,-0.39407193660736084,8.173483848571777,0.06753753911327331,7.5636091232299805,0.26013287901878357,8.574241638183594,1.0970205690221624,0.23733939230442047,1.1054596900939941,0.06538474559783936,-0.08025850724169636,4797.664425872093,0.7132865493343209,760.1735851125691,135.99917763157896,-0.2436566471452526,0.12385689195736434,0.19328001783749327,0.03222571921589439
